{"extrapolated_richard": [[0.0061000000000000125, 0.0054000000000000116, 0.012600000000000023, 0.010400000000000027, -0.020700000000000034, -0.0012000000000000047, -0.002300000000000003, 0.02880000000000007], [-0.021900000000000027, -0.023000000000000034, -0.04120000000000008, -0.040800000000000065, 0.08050000000000009, 0.008000000000000012, 0.00510000000000001, -0.11080000000000018], [0.018000000000000037, 0.034800000000000025, 0.034400000000000076, 0.024200000000000076, -0.07140000000000007, -0.007200000000000012, -0.00040000000000001124, 0.0870000000000002]], "job_runtime": 28.259213939999995}