{"extrapolated_richard": [[0.008800000000000021, 0.028000000000000063, 0.0038000000000000143, -0.001199999999999987, -0.012200000000000016, -0.006000000000000013, -0.0018000000000000088, 0.005900000000000003], [-0.04580000000000006, -0.12120000000000015, -0.026200000000000025, -0.005200000000000039, 0.036400000000000064, 0.029400000000000034, 0.014400000000000029, -0.017100000000000014], [0.08460000000000004, 0.058000000000000176, 0.02520000000000003, -0.015199999999999953, -0.04120000000000004, -0.038400000000000024, -0.07779999999999997, 0.04859999999999999]], "job_runtime": 10.129154810000003}