{"extrapolated_richard": [[0.016300000000000037, 0.00840000000000001, 0.011500000000000026, -0.003000000000000002, -0.016200000000000037, -0.007800000000000015, 0.0017000000000000092, -0.0030000000000000135], [-0.056900000000000096, -0.02700000000000002, -0.04490000000000007, 0.0020000000000000074, 0.056400000000000096, 0.025200000000000045, -0.009900000000000022, 0.026200000000000036], [-0.0029999999999998617, 0.00220000000000004, 0.03260000000000007, 0.012599999999999983, -0.0392000000000001, -0.011000000000000053, -0.008999999999999972, -0.07100000000000001]], "job_runtime": 23.890169319999984}