{"extrapolated_value": [[0.00030000000000000073, 0.005600000000000013, -0.015400000000000039, -0.021300000000000038, -0.03340000000000007, 0.018400000000000045, 0.016800000000000037, -0.006500000000000018], [0.011299999999999985, -0.028000000000000035, 0.05760000000000009, 0.08490000000000009, 0.12520000000000017, -0.07400000000000014, -0.07300000000000009, 0.03630000000000004], [-0.02719999999999998, 0.03820000000000002, -0.025400000000000103, -0.06160000000000011, -0.09160000000000024, 0.07280000000000011, 0.0688000000000001, -0.05500000000000003]], "job_runtime": 4.081608975999998}