{"extrapolated_richard": [[0.019400000000000042, -0.0031000000000000077, -0.0025000000000000057, 0.012100000000000031, -0.0004000000000000043, -0.0008999999999999951, -0.006300000000000014, 0.027400000000000063], [-0.10220000000000008, 0.012500000000000018, 0.009500000000000017, -0.04970000000000007, 0.007000000000000008, -0.01130000000000001, 0.02310000000000003, -0.13440000000000016], [0.1312000000000001, 0.004599999999999975, -0.008800000000000018, 0.04020000000000008, -0.005600000000000011, 0.030999999999999996, -0.0030000000000000417, 0.15400000000000014]], "job_runtime": 57.87479982399998}