{"extrapolated_richard": [[-0.0032000000000000136, -0.013100000000000028, -0.005400000000000013, -0.019900000000000043, 0.008600000000000014, -0.0008000000000000116, 0.007400000000000017, -0.0030999999999999873], [0.031000000000000034, 0.05370000000000007, 0.029000000000000026, 0.0811000000000001, -0.022600000000000037, 0.01240000000000003, -0.02420000000000004, 0.01149999999999996], [-0.09820000000000001, -0.06440000000000008, -0.03360000000000004, -0.0748000000000001, 0.01160000000000005, -0.004600000000000033, -0.0031999999999999334, -0.08559999999999988]], "job_runtime": 20.57518179099999}