{"extrapolated_richard": [[-0.005300000000000012, -0.00019999999999998329, 0.012300000000000028, 0.00810000000000003, 0.008300000000000014, 0.003400000000000009, 0.006700000000000007, 0.008800000000000018], [0.025900000000000045, -0.0038000000000000455, -0.06110000000000008, -0.043700000000000086, -0.031500000000000035, -0.01680000000000002, -0.01850000000000001, -0.025200000000000042], [-0.05220000000000003, -0.03299999999999993, 0.06780000000000005, 0.01740000000000009, 0.013200000000000036, 0.02480000000000002, -0.03459999999999993, -0.02899999999999992]], "job_runtime": 15.519099173}