{"extrapolated_richard": [[0.009499999999999866, 0.011199999999999963, 0.004799999999999943, 0.0013000000000000025, 0.03859999999999994, 0.02910000000000007, 0.009899999999999992, 0.007299999999999964], [-0.04489999999999958, -0.06459999999999992, -0.0439999999999998, -0.025500000000000106, -0.17579999999999973, -0.1457000000000002, -0.054900000000000004, -0.03649999999999993], [0.4493999999999995, 0.3819999999999998, 0.39519999999999966, 0.3835999999999999, 0.5049999999999997, 0.4592, 0.38759999999999983, 0.4277999999999998]], "job_runtime": 6.791160972}