{"extrapolated_richard": [[0.014800000000000044, 0.00040000000000000175, 0.016200000000000037, -0.02650000000000006, 0.0006000000000000015, 0.008100000000000015, 0.014500000000000032, 0.00430000000000001], [-0.09060000000000008, -0.0044000000000000055, -0.0694000000000001, 0.0969000000000002, -0.0082, -0.027700000000000044, -0.06390000000000008, -0.04390000000000001], [0.13480000000000006, 0.014000000000000002, 0.0652000000000001, -0.05760000000000021, 0.024599999999999997, 0.025600000000000043, 0.0716000000000001, 0.09639999999999997]], "job_runtime": 44.53400494900001}