{"extrapolated_richard": [[-0.004300000000000007, -0.0031000000000000086, -0.0015000000000000046, -0.020800000000000044, -0.011600000000000029, -0.0015000000000000029, -0.0013000000000000036, -0.0006000000000000021], [0.011900000000000016, 0.013700000000000025, 0.019100000000000002, 0.08600000000000009, 0.04340000000000007, 0.004700000000000007, 0.0037000000000000127, 0.0026000000000000055], [0.003199999999999969, -0.006400000000000026, -0.03679999999999999, -0.0646000000000001, -0.03500000000000008, 0.0011999999999999936, 0.004599999999999983, 0.001599999999999993]], "job_runtime": 35.326747928}