{"extrapolated_richard": [[-0.009100000000000025, 0.006300000000000016, -0.009900000000000022, 0.015700000000000033, 0.0014000000000000017, 0.014900000000000038, 0.000299999999999999, -0.007800000000000019], [0.04470000000000006, -0.027700000000000037, 0.041100000000000046, -0.06950000000000008, 0.006599999999999985, -0.05870000000000009, 0.0055000000000000005, 0.04500000000000004], [-0.060200000000000045, 0.02180000000000005, -0.03700000000000006, 0.06420000000000008, -0.025199999999999972, 0.0352000000000001, -0.019199999999999995, -0.05300000000000004]], "job_runtime": 33.65304432100001}