{"extrapolated_richard": [[-0.043400000000000105, -0.02610000000000004, -0.007000000000000006, -0.013700000000000028, -0.025100000000000046, -0.011000000000000024, -0.015800000000000036, -0.018100000000000064], [0.23480000000000023, 0.13310000000000008, 0.03779999999999999, 0.061500000000000075, 0.10290000000000013, 0.05640000000000006, 0.0858000000000001, 0.12570000000000014], [-0.31260000000000027, -0.17260000000000006, -0.06219999999999999, -0.06040000000000008, -0.09280000000000009, -0.07520000000000006, -0.11360000000000009, -0.20520000000000008]], "job_runtime": 53.152046237000036}