{"extrapolated_richard": [[0.007800000000000033, 0.0024000000000000163, 0.009999999999999986, -0.0049999999999999845, -0.010800000000000013, -0.01100000000000002, -0.0057999999999999805, -0.008599999999999892], [-0.03100000000000006, -0.0012000000000000105, -0.02779999999999985, 0.034999999999999934, 0.057600000000000075, 0.05900000000000009, 0.026399999999999948, 0.048799999999999656], [-0.3553999999999997, -0.16719999999999988, -0.22020000000000006, -0.25639999999999974, -0.2824, -0.26259999999999994, -0.19659999999999989, -0.3967999999999995]], "job_runtime": 9.248891428999997}