{"extrapolated_richard": [[-0.029000000000000078, -0.02790000000000007, -0.008100000000000019, 0.005200000000000012, -0.00020000000000000212, -0.04030000000000008, -0.017500000000000047, -0.05220000000000013], [0.18140000000000014, 0.13470000000000024, 0.047700000000000034, -0.015400000000000037, 0.023, 0.1873000000000002, 0.0919000000000001, 0.2614000000000003], [-0.2980000000000001, -0.1708000000000002, -0.06860000000000002, -0.0023999999999999504, -0.06199999999999998, -0.2026000000000002, -0.11900000000000008, -0.33540000000000036]], "job_runtime": 49.654445022999994}