{"extrapolated_richard": [[0.029400000000000055, -0.005400000000000017, -0.008500000000000016, -0.004300000000000009, -0.006200000000000017, 0.004100000000000009, 0.019400000000000042, 0.011500000000000026], [-0.12020000000000015, 0.028400000000000043, 0.027900000000000046, 0.01730000000000002, 0.03320000000000004, -0.019300000000000015, -0.08220000000000012, -0.062100000000000065], [0.12080000000000014, -0.015000000000000045, -0.02480000000000005, -0.019200000000000023, -0.044600000000000035, 0.010600000000000026, 0.07960000000000013, 0.09740000000000006]], "job_runtime": 26.752626428000013}