{"extrapolated_richard": [[-0.013700000000000042, -0.0007000000000000088, -0.02010000000000004, -0.004500000000000009, -0.013300000000000027, 0.01710000000000003, -0.00020000000000000817, -0.007100000000000027], [0.09430000000000009, 0.023300000000000015, 0.09950000000000012, 0.020700000000000024, 0.06630000000000007, -0.045700000000000095, 0.034600000000000006, 0.06050000000000005], [-0.17500000000000004, -0.051800000000000006, -0.10560000000000011, -0.027400000000000018, -0.08120000000000005, 0.011000000000000117, -0.07939999999999998, -0.12499999999999997]], "job_runtime": 45.98159211700005}