{"extrapolated_richard": [[-0.011400000000000021, -0.009600000000000018, 0.00039999999999999915, -0.011600000000000029, 0.012200000000000027, -0.00040000000000000257, -0.014900000000000031, 0.0038000000000000087], [0.035200000000000065, 0.031200000000000058, 0.005199999999999998, 0.05180000000000009, -0.05580000000000006, 0.0010000000000000057, 0.06450000000000006, -0.012600000000000026], [-0.013600000000000065, -0.016400000000000067, -0.016199999999999992, -0.04680000000000007, 0.05420000000000007, 0.009599999999999992, -0.05660000000000007, 0.003000000000000032]], "job_runtime": 31.592791887999994}