{"extrapolated_richard": [[0.00970000000000003, -0.0016999999999999927, 0.017400000000000082, -0.003299999999999982, 0.0003000000000000776, 0.004799999999999994, 0.010600000000000078, 0.0024000000000000926], [-0.04069999999999996, 0.02889999999999999, -0.05600000000000014, 0.03869999999999998, 0.02309999999999972, 0.01420000000000009, -0.04500000000000026, 0.0041999999999996806], [-0.3999999999999996, -0.2757999999999998, -0.2665999999999996, -0.34899999999999975, -0.3349999999999995, -0.3147999999999999, -0.20479999999999962, -0.4059999999999994]], "job_runtime": 9.863924104000006}