{"extrapolated_richard": [[0.01560000000000004, -0.006700000000000013, -0.0024000000000000046, -0.00690000000000002, -0.009900000000000016, 0.021100000000000046, -0.003100000000000007, -0.01410000000000004], [-0.06520000000000012, 0.01630000000000004, -0.007199999999999977, 0.031500000000000056, 0.028300000000000047, -0.09710000000000013, 0.01130000000000002, 0.07950000000000008], [0.05220000000000012, 0.007199999999999934, 0.030399999999999972, -0.020400000000000057, -0.005400000000000055, 0.10540000000000015, -0.008800000000000018, -0.09940000000000006]], "job_runtime": 38.401708171999985}