{"extrapolated_richard": [[0.005300000000000006, 0.0009000000000000042, 0.0015000000000000113, -0.006500000000000011, -0.007300000000000009, -0.006300000000000014, 0.0012999999999999995, -0.0011000000000000172], [-0.034700000000000036, -0.018099999999999998, -0.020700000000000017, 0.028500000000000025, 0.032500000000000036, 0.02950000000000003, -0.007899999999999999, 0.002900000000000012], [0.11200000000000002, 0.06699999999999995, 0.015400000000000028, -0.04580000000000002, -0.04540000000000002, -0.03680000000000002, 0.04419999999999997, 0.08719999999999994]], "job_runtime": 16.539390777999998}