{"extrapolated_richard": [[0.04220000000000009, 0.024000000000000056, 0.005700000000000003, 0.0008000000000000085, 0.0015000000000000033, 0.01000000000000003, 0.037500000000000096, 0.05590000000000015], [-0.25960000000000016, -0.1344000000000001, -0.04729999999999998, -0.016800000000000016, -0.025899999999999992, -0.06720000000000005, -0.18450000000000022, -0.3035000000000003], [0.41440000000000016, 0.1906000000000001, 0.09239999999999997, 0.04440000000000001, 0.060399999999999975, 0.10899999999999999, 0.2148000000000002, 0.4182000000000002]], "job_runtime": 57.506470730000046}