{"extrapolated_richard": [[0.01480000000000003, 0.016600000000000035, -0.022700000000000047, -0.014900000000000038, -0.0006000000000000001, -0.009300000000000018, 0.013800000000000028, -0.003299999999999999], [-0.05840000000000006, -0.05480000000000009, 0.07650000000000014, 0.0719000000000001, 0.006599999999999998, 0.03270000000000004, -0.05500000000000008, 0.0048999999999999955], [0.050400000000000084, 0.037000000000000095, -0.04880000000000016, -0.08100000000000009, -0.02139999999999999, -0.01820000000000005, 0.04480000000000008, -0.008799999999999992]], "job_runtime": 38.11127783399999}