{"extrapolated_richard": [[0.0015000000000000033, 0.003199999999999999, 0.004600000000000009, -0.02380000000000005, 0.01610000000000003, 0.0062000000000000085, -0.018000000000000037, -0.01020000000000002], [-0.005700000000000008, -0.0011999999999999947, -0.01280000000000002, 0.08900000000000012, -0.07050000000000009, -0.01200000000000003, 0.0792000000000001, 0.043600000000000055], [0.006400000000000009, -0.01839999999999999, -0.013599999999999961, -0.06000000000000015, 0.07440000000000008, -0.012199999999999952, -0.07940000000000015, -0.04100000000000007]], "job_runtime": 25.51745255}