{"extrapolated_richard": [[-0.004500000000000009, -0.018800000000000042, -0.02240000000000006, -0.022600000000000058, -0.015300000000000034, 0.006400000000000013, -0.01980000000000004, -0.010600000000000028], [0.02190000000000003, 0.07940000000000015, 0.08960000000000015, 0.08080000000000012, 0.06090000000000007, -0.023600000000000038, 0.07480000000000012, 0.05040000000000007], [-0.04840000000000002, -0.08140000000000011, -0.05680000000000017, -0.027400000000000188, -0.022600000000000123, 0.033600000000000026, -0.0724000000000001, -0.08720000000000007]], "job_runtime": 16.807863714999996}