{"extrapolated_richard": [[-0.0015000000000000128, 0.002300000000000001, 0.005100000000000015, 0.0016000000000000042, 0.0349000000000001, 0.02300000000000005, 0.021900000000000048, 0.019200000000000054], [-0.0394999999999999, -0.02889999999999998, -0.04410000000000003, -0.017599999999999994, -0.15870000000000023, -0.1098000000000001, -0.09710000000000013, -0.10680000000000013], [0.13339999999999982, 0.07379999999999995, 0.07420000000000002, 0.037999999999999985, 0.16240000000000027, 0.12500000000000014, 0.11340000000000011, 0.16600000000000004]], "job_runtime": 46.24784979400005}