{"extrapolated_richard": [[-0.0014999999999999352, 0.0074000000000000385, 0.005100000000000075, -0.005099999999999976, 0.0012999999999999945, 0.01720000000000005, 0.013700000000000045, -0.0046999999999999915], [0.005499999999999813, -0.016000000000000084, 0.0030999999999997627, 0.0297, 0.006500000000000062, -0.047800000000000085, -0.053900000000000045, 0.029899999999999993], [-0.24499999999999963, -0.1787999999999998, -0.22759999999999964, -0.22799999999999995, -0.20459999999999992, -0.1545999999999998, -0.12979999999999983, -0.24819999999999987]], "job_runtime": 9.090848743999999}