{"extrapolated_richard": [[-0.020700000000000048, -0.006900000000000018, -0.022200000000000036, -0.004700000000000013, -0.011100000000000028, -0.010100000000000034, -0.016600000000000035, -0.006000000000000011], [0.07030000000000013, 0.03290000000000003, 0.08140000000000008, 0.029500000000000023, 0.05430000000000005, 0.0573000000000001, 0.06660000000000009, 0.017400000000000033], [-0.010000000000000136, -0.027000000000000055, -0.07620000000000013, -0.029200000000000035, -0.056000000000000064, -0.08460000000000005, -0.05020000000000011, -0.001800000000000045]], "job_runtime": 23.307818120999997}