{"extrapolated_richard": [[-0.007100000000000018, 0.00810000000000002, -0.005200000000000015, -0.002100000000000012, 0.002900000000000006, -0.0021000000000000055, 0.009100000000000021, -0.00240000000000001], [0.050300000000000025, -0.04090000000000006, 0.03820000000000003, 0.030700000000000022, -0.005900000000000016, 0.010700000000000015, -0.03590000000000006, 0.026200000000000025], [-0.08499999999999999, 0.029200000000000056, -0.05300000000000004, -0.05220000000000001, -0.0005999999999999821, -0.01700000000000001, 0.023200000000000075, -0.04000000000000002]], "job_runtime": 51.370254547}