{"extrapolated_richard": [[0.00550000000000001, 0.00490000000000001, 0.007000000000000016, -0.00960000000000002, 0.00910000000000002, -0.006100000000000006, -0.008200000000000013, -0.003200000000000007], [-0.008300000000000035, -0.01190000000000003, -0.03120000000000004, 0.04740000000000004, -0.035700000000000044, 0.010900000000000023, 0.023000000000000034, 0.014200000000000015], [-0.01719999999999996, -0.014999999999999946, 0.027200000000000044, -0.05380000000000003, 0.027000000000000052, 0.005399999999999968, -0.012400000000000041, -0.012200000000000018]], "job_runtime": 44.542720798000005}