{"extrapolated_richard": [[-0.0016000000000000291, 0.008700000000000025, 0.0039000000000000237, 0.022100000000000036, 0.0008999999999999777, -0.001200000000000015, -0.004600000000000026, -0.01280000000000006], [0.011600000000000107, -0.05550000000000008, -0.02810000000000009, -0.09870000000000008, -0.013699999999999936, -0.00279999999999996, 0.019400000000000063, 0.053600000000000175], [0.06599999999999985, 0.14540000000000003, 0.14780000000000004, 0.20580000000000004, 0.1199999999999999, 0.0993999999999999, 0.0625999999999999, 0.03459999999999977]], "job_runtime": 10.945176911000004}