{"extrapolated_richard": [[0.0009999999999998565, -0.011600000000000141, -0.011300000000000079, -0.00800000000000007, 0.00719999999999999, 0.01369999999999997, 0.01240000000000004, -0.0078000000000000265], [-0.008199999999999577, 0.030600000000000446, 0.03210000000000019, 0.00940000000000027, -0.03980000000000006, -0.07409999999999992, -0.06760000000000024, 0.01479999999999996], [0.5755999999999993, 0.3725999999999996, 0.39059999999999956, 0.4155999999999994, 0.43659999999999977, 0.46199999999999974, 0.4803999999999999, 0.5495999999999998]], "job_runtime": 6.131049496999999}