{"extrapolated_richard": [[-0.04130000000000011, -0.0411000000000001, -0.016200000000000044, -0.02250000000000006, -0.021700000000000046, -0.016500000000000035, -0.023700000000000037, -0.06240000000000016], [0.2619000000000002, 0.21330000000000024, 0.0910000000000001, 0.10850000000000017, 0.09950000000000012, 0.09010000000000007, 0.13670000000000002, 0.32820000000000044], [-0.41880000000000017, -0.26780000000000026, -0.12180000000000009, -0.13120000000000018, -0.11100000000000007, -0.12820000000000006, -0.19260000000000002, -0.43460000000000026]], "job_runtime": 59.45116992599998}