{"extrapolated_richard": [[0.008200000000000011, 0.01560000000000003, 0.021800000000000038, -0.005000000000000014, 0.013400000000000035, 0.02970000000000007, 0.026200000000000053, 0.008100000000000017], [-0.026000000000000034, -0.05860000000000008, -0.0826000000000001, 0.01940000000000004, -0.06700000000000009, -0.13410000000000016, -0.11900000000000018, -0.04310000000000003], [0.026600000000000023, 0.04640000000000008, 0.06960000000000012, -0.005400000000000045, 0.06600000000000009, 0.1272000000000002, 0.12680000000000016, 0.056600000000000025]], "job_runtime": 29.400485762000017}