{"extrapolated_richard": [[-0.023700000000000065, 0.02020000000000004, -0.0039000000000000076, 0.009700000000000023, -0.011300000000000025, 0.011600000000000017, -0.007200000000000018, -0.011200000000000017], [0.11810000000000016, -0.0754000000000001, 0.014700000000000024, -0.038500000000000055, 0.05630000000000005, -0.031200000000000054, 0.04120000000000003, 0.07640000000000001], [-0.1576000000000001, 0.055400000000000144, -0.02000000000000002, 0.023400000000000074, -0.06820000000000005, 0.0062000000000000735, -0.048000000000000036, -0.12139999999999998]], "job_runtime": 44.88112265000001}