{"extrapolated_richard": [[-0.0041000000000000125, 0.005100000000000016, 0.0008999999999999997, 0.005700000000000011, -0.014500000000000027, 0.012400000000000027, -0.011600000000000025, 0.02220000000000005], [-0.00029999999999996365, -0.03810000000000004, 0.0028999999999999976, -0.020700000000000034, 0.050300000000000074, -0.05060000000000009, 0.04960000000000006, -0.10320000000000017], [0.037199999999999976, 0.04960000000000003, -0.010999999999999994, 0.013400000000000028, -0.02400000000000008, 0.03840000000000007, -0.044800000000000055, 0.10660000000000011]], "job_runtime": 53.558382119999976}