{"extrapolated_richard": [[-0.006000000000000001, -0.009600000000000015, 0.01470000000000003, -0.00620000000000001, -0.018400000000000038, 0.0007999999999999997, -0.013500000000000033, -0.010600000000000009], [0.027400000000000008, 0.040600000000000025, -0.04810000000000008, 0.022000000000000023, 0.0716000000000001, 0.026599999999999974, 0.061900000000000094, 0.033600000000000026], [-0.07999999999999997, -0.06980000000000003, 0.023200000000000096, -0.018600000000000037, -0.051600000000000104, -0.06639999999999995, -0.08060000000000005, -0.0814]], "job_runtime": 19.150467879000004}