{"extrapolated_richard": [[0.011800000000000026, -0.016800000000000037, 0.01420000000000003, -0.0034000000000000094, 0.00770000000000001, 0.020600000000000045, -0.003600000000000014, 0.0002999999999999991], [-0.055400000000000074, 0.0720000000000001, -0.05560000000000008, 0.02080000000000002, -0.011700000000000038, -0.07500000000000012, 0.026800000000000032, 0.009499999999999995], [0.05500000000000005, -0.07100000000000012, 0.04480000000000008, -0.023400000000000025, -0.010599999999999945, 0.05620000000000013, -0.029200000000000028, -0.022999999999999996]], "job_runtime": 31.943199463000013}