{"extrapolated_richard": [[-0.005200000000000014, 0.009600000000000029, -0.023500000000000056, -0.013300000000000032, -0.018200000000000043, -0.024900000000000054, 0.0034999999999999996, 0.01430000000000003], [0.013600000000000032, -0.05640000000000005, 0.08490000000000014, 0.0655000000000001, 0.0802000000000001, 0.09370000000000013, -0.010499999999999997, -0.0537000000000001], [0.03239999999999995, 0.09040000000000002, -0.048400000000000165, -0.07340000000000008, -0.08180000000000008, -0.06800000000000016, 0.025999999999999992, 0.06840000000000009]], "job_runtime": 19.505931853000007}