{"extrapolated_richard": [[-9.999999999999769e-05, -0.0045000000000000075, -0.003800000000000008, -0.007100000000000016, 0.005600000000000014, 0.0024000000000000067, -0.02280000000000005, -0.012400000000000024], [-0.004100000000000006, 0.02650000000000002, 0.015200000000000017, 0.02790000000000004, -0.02000000000000003, -0.014800000000000011, 0.08740000000000012, 0.046200000000000054], [0.006400000000000003, -0.038200000000000005, -0.004800000000000028, -0.01960000000000004, 0.011000000000000041, 0.016800000000000016, -0.07420000000000017, -0.04740000000000005]], "job_runtime": 32.30899908499998}