{"extrapolated_richard": [[0.0039000000000000254, 0.009700000000000025, 0.013700000000000028, 0.006300000000000017, -0.004600000000000007, 0.011700000000000025, 0.002600000000000004, 0.027100000000000065], [-0.04550000000000006, -0.05250000000000006, -0.060300000000000076, -0.03130000000000004, 0.004400000000000027, -0.06230000000000004, -0.017000000000000005, -0.1297000000000002], [0.11879999999999998, 0.05580000000000004, 0.06900000000000006, 0.035000000000000045, 0.023199999999999957, 0.08640000000000006, 0.042, 0.1656000000000002]], "job_runtime": 48.617508531}