{"extrapolated_richard": [[-0.029000000000000064, -0.020000000000000046, -0.0052000000000000145, -0.00850000000000002, -0.010200000000000023, -0.006600000000000016, 0.00840000000000002, 0.01140000000000003], [0.1308000000000002, 0.08780000000000013, 0.03260000000000003, 0.037900000000000045, 0.03880000000000007, 0.027400000000000042, -0.037000000000000054, -0.046000000000000076], [-0.14300000000000015, -0.08380000000000012, -0.04720000000000004, -0.04160000000000003, -0.04440000000000008, -0.025400000000000048, 0.03380000000000005, 0.030400000000000104]], "job_runtime": 40.663262406}