{"extrapolated_richard": [[-0.017300000000000038, -0.013500000000000028, 0.007700000000000019, 0.01210000000000003, 0.006600000000000018, 0.0075000000000000145, 0.005400000000000016, -0.006100000000000007], [0.07630000000000012, 0.04770000000000009, -0.043900000000000036, -0.05590000000000007, -0.042000000000000044, -0.029300000000000045, -0.026800000000000036, 0.008700000000000027], [-0.07960000000000007, -0.03160000000000008, 0.05740000000000003, 0.05820000000000007, 0.05640000000000004, 0.03740000000000003, 0.030000000000000034, 0.005399999999999956]], "job_runtime": 36.079402302000005}