{"extrapolated_richard": [[-0.0008999999999999848, -0.010500000000000034, -0.009900000000000023, 0.006200000000000017, 0.004400000000000009, -0.01150000000000002, -0.014400000000000036, -0.008900000000000014], [-0.016900000000000037, 0.02790000000000011, 0.03490000000000006, -0.02900000000000005, -0.02540000000000002, 0.03750000000000005, 0.05640000000000011, 0.03930000000000005], [-0.0049999999999999515, 0.04039999999999985, -0.003400000000000075, 0.06340000000000003, 0.0654, 0.001199999999999932, -0.004800000000000133, -0.08420000000000002]], "job_runtime": 8.562235463999997}