{"extrapolated_richard": [[-0.0024000000000000093, 0.019200000000000047, 0.02200000000000004, 0.006600000000000021, -0.007300000000000017, 0.0046000000000000155, 0.022400000000000045, 0.02070000000000004], [0.015400000000000032, -0.07760000000000011, -0.0812000000000001, -0.032400000000000054, 0.018900000000000063, -0.03140000000000003, -0.0922000000000001, -0.07210000000000011], [-0.049600000000000005, 0.05900000000000014, 0.059800000000000124, 0.03020000000000006, 0.0025999999999999387, 0.044800000000000034, 0.07440000000000016, 0.03200000000000014]], "job_runtime": 27.29086048900001}