{"extrapolated_richard": [[0.02300000000000005, 0.015800000000000033, 0.021300000000000045, -0.0029000000000000046, -0.0033000000000000043, 0.025600000000000053, 0.009500000000000022, 0.00020000000000000093], [-0.1070000000000001, -0.06540000000000008, -0.0851000000000001, -9.999999999998202e-05, 0.0031000000000000146, -0.09400000000000013, -0.04490000000000006, -0.00039999999999999856], [0.10280000000000011, 0.05900000000000007, 0.06580000000000014, 0.019799999999999974, 0.011599999999999982, 0.06920000000000015, 0.04280000000000006, -0.015799999999999995]], "job_runtime": 29.379010050999995}