{"extrapolated_richard": [[0.01190000000000001, -0.01750000000000003, 0.01490000000000003, 0.011500000000000033, -0.0003000000000000017, 0.009500000000000028, -0.0034000000000000067, -0.0007000000000000262], [-0.06269999999999998, 0.05490000000000006, -0.06450000000000007, -0.054900000000000095, 0.013300000000000005, -0.028100000000000094, 0.0028000000000000212, -0.011499999999999917], [0.15699999999999995, 0.020799999999999902, 0.03760000000000008, 0.05080000000000009, -0.04259999999999998, -0.010799999999999874, 0.04579999999999995, 0.11579999999999986]], "job_runtime": 18.09167951900001}