{"extrapolated_richard": [[-0.0030000000000000074, 0.004200000000000008, -0.0011000000000000077, 0.019900000000000046, -0.008600000000000014, -0.022700000000000057, -0.0039000000000000076, -0.009200000000000028], [0.016000000000000018, -0.015400000000000021, 0.017900000000000013, -0.07770000000000012, 0.02560000000000004, 0.09510000000000014, 0.01070000000000002, 0.04700000000000006], [-0.013200000000000022, 0.011600000000000025, -0.02640000000000001, 0.06260000000000013, -0.014800000000000042, -0.0882000000000001, -0.003200000000000026, -0.050000000000000065]], "job_runtime": 47.869214441}