{"extrapolated_richard": [[0.0005999999999999991, -0.010000000000000023, -0.006200000000000017, 0.017100000000000035, 0.007900000000000018, -0.009800000000000024, -0.011600000000000025, 0.02650000000000006], [0.0084, 0.04480000000000005, 0.026200000000000046, -0.06830000000000008, -0.03770000000000005, 0.03660000000000007, 0.04800000000000006, -0.10190000000000016], [-0.023599999999999996, -0.03840000000000007, -0.02100000000000004, 0.06980000000000011, 0.03500000000000004, -0.02480000000000008, -0.04460000000000009, 0.09560000000000014]], "job_runtime": 40.51566802999997}