{"extrapolated_value": [[0.00469999999999996, -0.02400000000000014, -0.009500000000000092, 0.008200000000000023, -0.00500000000000009, -0.0005000000000000796, 0.0050000000000000044, 0.0021999999999999156], [-0.0122999999999999, 0.09180000000000042, 0.024100000000000205, -0.04180000000000016, 0.025400000000000256, -0.00749999999999968, -0.01860000000000003, -0.0033999999999997873], [0.3745999999999999, 0.3059999999999994, 0.3619999999999996, 0.42179999999999995, 0.3465999999999995, 0.3781999999999995, 0.3877999999999998, 0.3589999999999996]], "job_runtime": 3.9572407609999942}