{"extrapolated_value": [[0.010000000000000111, -0.0030999999999998663, -0.0011999999999999821, -0.018400000000000038, -0.005200000000000058, 0.013700000000000063, -0.013199999999999885, 0.012700000000000133], [-0.04680000000000035, 0.024899999999999572, 0.0017999999999999713, 0.08700000000000015, 0.03300000000000027, -0.03690000000000013, 0.06379999999999963, -0.04870000000000035], [-0.32819999999999944, -0.37059999999999943, -0.3371999999999997, -0.428, -0.37100000000000016, -0.3225999999999996, -0.40439999999999954, -0.3423999999999994]], "job_runtime": 4.076819153000002}