{"extrapolated_richard": [[0.0388000000000001, 0.008000000000000023, 0.02160000000000004, -0.0009000000000000033, -0.018600000000000026, -0.01000000000000002, -0.004300000000000004, 0.025800000000000062], [-0.21360000000000026, -0.04360000000000005, -0.09820000000000009, -0.00549999999999998, 0.06740000000000006, 0.025200000000000052, 0.012700000000000005, -0.14900000000000016], [0.30760000000000015, 0.06060000000000004, 0.10460000000000011, 0.028999999999999963, -0.031000000000000083, -7.433006979579488e-17, 0.001799999999999978, 0.22480000000000014]], "job_runtime": 44.10313480900004}