{"extrapolated_richard": [[0.002100000000000005, -0.011200000000000026, -0.023400000000000053, -0.01280000000000002, 0.006500000000000034, 0.009800000000000022, -0.006300000000000011, 0.002700000000000003], [-0.020500000000000008, 0.04280000000000007, 0.09200000000000014, 0.056600000000000046, -0.01390000000000012, -0.024800000000000058, 0.029300000000000027, -0.004100000000000012], [0.040600000000000004, -0.03700000000000007, -0.11640000000000014, -0.11260000000000003, -0.06339999999999983, -0.03859999999999992, -0.04280000000000001, -0.0009999999999999877]], "job_runtime": 14.939646279000002}