{"extrapolated_richard": [[0.0880000000000002, 0.02960000000000007, 0.02890000000000008, 0.00700000000000002, 0.013100000000000023, 0.028400000000000078, 0.015000000000000034, 0.04860000000000011], [-0.4610000000000006, -0.1694000000000002, -0.1495000000000002, -0.053400000000000024, -0.06750000000000006, -0.14800000000000021, -0.09220000000000006, -0.27100000000000013], [0.6116000000000004, 0.2334000000000002, 0.19300000000000014, 0.08700000000000002, 0.09460000000000005, 0.18800000000000017, 0.14260000000000003, 0.3822000000000002]], "job_runtime": 58.890585240000064}