{"extrapolated_richard": [[-0.010100000000000024, -0.0008000000000000032, 0.006800000000000012, 0.005700000000000012, -0.01910000000000005, -0.011500000000000033, -0.015700000000000037, 0.005800000000000011], [0.046300000000000056, 0.006600000000000006, -0.02000000000000003, -0.02370000000000003, 0.08030000000000014, 0.06190000000000009, 0.07270000000000011, -0.020200000000000023], [-0.04360000000000008, -0.009400000000000002, 0.005400000000000044, 0.018000000000000033, -0.06380000000000015, -0.061600000000000085, -0.0656000000000001, -0.0005999999999999611]], "job_runtime": 27.547589818000006}