{"extrapolated_richard": [[0.0018999999999999883, -0.00780000000000002, -0.01660000000000004, -0.0009000000000000037, -0.01040000000000002, -0.004900000000000008, -0.015900000000000036, -0.00490000000000001], [0.007300000000000039, 0.038000000000000055, 0.06420000000000009, 0.007300000000000006, 0.03600000000000005, 0.01750000000000002, 0.0607000000000001, 0.02150000000000003], [-0.037200000000000025, -0.04420000000000006, -0.04800000000000011, -0.009000000000000005, -0.023400000000000056, -0.02040000000000002, -0.054200000000000095, -0.029200000000000014]], "job_runtime": 33.43623585300003}