{"extrapolated_richard": [[0.04000000000000009, 0.04210000000000009, 0.014700000000000043, 0.023700000000000058, 0.018500000000000044, 0.015200000000000031, 0.00320000000000001, 0.05430000000000013], [-0.2368000000000001, -0.19070000000000026, -0.09070000000000009, -0.11850000000000015, -0.07490000000000015, -0.08580000000000004, -0.04380000000000001, -0.28450000000000025], [0.3722000000000002, 0.2068000000000002, 0.11980000000000007, 0.14620000000000014, 0.0742000000000001, 0.10740000000000008, 0.0866, 0.37500000000000044]], "job_runtime": 53.874442449000014}