{"extrapolated_richard": [[0.007100000000000011, -0.02850000000000006, -0.009300000000000018, -0.010200000000000023, -0.01490000000000003, -0.018000000000000047, -0.01220000000000003, -0.013800000000000028], [-0.013100000000000033, 0.12030000000000012, 0.04030000000000005, 0.047600000000000066, 0.05910000000000008, 0.09040000000000012, 0.06240000000000007, 0.08580000000000004], [-0.03359999999999993, -0.11900000000000012, -0.04560000000000005, -0.04780000000000006, -0.061400000000000086, -0.09540000000000014, -0.08280000000000007, -0.12919999999999998]], "job_runtime": 55.59014297300001}