{"extrapolated_richard": [[-0.01480000000000004, -0.010700000000000024, -0.005500000000000003, -0.006800000000000009, -0.009900000000000016, 0.0006000000000000063, 0.0031000000000000107, 0.017500000000000036], [0.06440000000000008, 0.04170000000000006, 0.025300000000000007, 0.023200000000000026, 0.043500000000000046, -0.009000000000000011, -0.015100000000000023, -0.06890000000000009], [-0.0072000000000000995, -0.04160000000000006, -0.049600000000000005, -0.04120000000000002, -0.06460000000000003, -0.006399999999999975, -0.011399999999999964, 0.08920000000000008]], "job_runtime": 5.32669266300001}