{"extrapolated_richard": [[-0.025400000000000058, -0.0003999999999999972, -0.0005000000000000003, -0.006100000000000016, -0.0008000000000000018, -0.0011000000000000016, -0.007300000000000018, 0.009600000000000013], [0.11920000000000015, -0.0066000000000000026, 0.006499999999999999, 0.027700000000000044, 0.004000000000000005, 0.003500000000000004, 0.040500000000000036, -0.022600000000000033], [-0.1256000000000001, 0.009200000000000002, -0.017399999999999995, -0.031000000000000052, -0.008400000000000005, -0.001200000000000006, -0.04460000000000004, -0.01339999999999995]], "job_runtime": 41.03833220600001}