{"extrapolated_value": [[0.001799999999999694, -0.0019000000000003628, 0.004900000000000163, -0.0011000000000001289, -0.0014000000000002424, 0.004099999999999699, -0.0012000000000000925, 0.003199999999999898], [-0.00539999999999889, 0.005100000000001053, -0.018500000000000922, -0.0014999999999997758, 0.007200000000000894, -0.02349999999999912, 0.006999999999999923, -0.016999999999999783], [0.9247999999999984, 0.9155999999999987, 0.9350000000000005, 0.9239999999999994, 0.9079999999999983, 0.9403999999999987, 0.9052000000000002, 0.9363999999999993]], "job_runtime": 3.0730935649999935}