{"extrapolated_richard": [[0.003700000000000009, 0.002600000000000003, -0.006000000000000017, -0.0029000000000000245, -0.005100000000000075, -0.0017999999999999898, 0.007900000000000011, -0.0023000000000000234], [0.0014999999999999389, -0.005600000000000015, 0.019200000000000012, 0.015300000000000051, 0.008900000000000253, -0.013000000000000064, -0.03570000000000004, 0.005900000000000056], [0.16219999999999998, 0.025400000000000006, 0.11799999999999988, 0.09179999999999991, 0.11219999999999974, 0.1412, 0.0868, 0.14379999999999982]], "job_runtime": 11.654785840000002}