{"extrapolated_richard": [[0.012700000000000036, 0.030900000000000077, 0.00930000000000002, 0.009800000000000024, 0.02360000000000005, 0.020300000000000044, 0.015500000000000035, -0.001899999999999989], [-0.09690000000000007, -0.14270000000000016, -0.04190000000000005, -0.03980000000000006, -0.09740000000000011, -0.0931000000000001, -0.0679000000000001, -0.03350000000000001], [0.17420000000000005, 0.1514000000000002, 0.04560000000000005, 0.033800000000000066, 0.09500000000000014, 0.08940000000000012, 0.07860000000000006, 0.09919999999999997]], "job_runtime": 46.895254136000005}