{"extrapolated_richard": [[0.002300000000000001, -0.013000000000000027, -0.0033000000000000117, -0.00970000000000002, 0.026300000000000046, 0.0036000000000000064, 0.003400000000000001, -0.015200000000000038], [0.0024999999999999957, 0.060800000000000076, 0.022300000000000028, 0.028900000000000047, -0.10530000000000009, -0.014600000000000017, -0.0046, 0.0724000000000001], [-0.027599999999999975, -0.07420000000000007, -0.021200000000000024, -0.011800000000000066, 0.09580000000000015, 0.01620000000000002, -0.020999999999999987, -0.0850000000000001]], "job_runtime": 26.491712998000025}