{"extrapolated_richard": [[0.03080000000000007, -0.015700000000000033, -0.00740000000000002, -0.013300000000000022, -0.011700000000000021, -0.010500000000000023, 0.02910000000000005, -9.999999999999918e-05], [-0.13020000000000018, 0.05870000000000009, 0.039600000000000045, 0.04310000000000007, 0.04810000000000006, 0.03270000000000006, -0.10950000000000013, -0.0023000000000000017], [0.10740000000000016, -0.05060000000000009, -0.04620000000000003, -0.03200000000000006, -0.04160000000000006, -0.016000000000000066, 0.07700000000000017, 0.0084]], "job_runtime": 44.95287024800001}