{"extrapolated_richard": [[-0.028200000000000072, -0.016400000000000036, 0.007600000000000013, -0.0011000000000000033, 0.0039000000000000076, -0.030700000000000068, -0.02300000000000005, -0.02750000000000007], [0.1628000000000002, 0.0878000000000001, -0.021800000000000028, 0.023299999999999994, -0.009700000000000018, 0.12130000000000017, 0.10620000000000017, 0.14390000000000014], [-0.2462000000000002, -0.12220000000000007, -0.005799999999999956, -0.05999999999999998, -0.016399999999999963, -0.12280000000000015, -0.11980000000000016, -0.1928000000000001]], "job_runtime": 49.23620536999999}