{"extrapolated_richard": [[-0.00570000000000002, -0.01680000000000004, -0.02280000000000005, 0.0027000000000000058, 0.010900000000000024, 0.014900000000000026, 0.0015000000000000029, 0.004300000000000002], [0.04210000000000005, 0.0696000000000001, 0.08580000000000013, -0.01370000000000001, -0.049500000000000065, -0.06610000000000003, -0.004300000000000009, -0.01010000000000001], [-0.05340000000000004, -0.05280000000000011, -0.050600000000000166, 0.021200000000000007, 0.05880000000000007, 0.09180000000000003, 0.003800000000000009, 0.021800000000000003]], "job_runtime": 23.492990195999994}