{"extrapolated_richard": [[0.026100000000000064, -0.026100000000000047, 0.005200000000000012, 0.029800000000000052, 0.01430000000000003, -0.025500000000000068, -0.01470000000000003, -0.0004000000000000031], [-0.12970000000000015, 0.09730000000000012, -0.006000000000000023, -0.10560000000000011, -0.05130000000000007, 0.11830000000000017, 0.061900000000000094, 0.0016000000000000053], [0.12120000000000015, -0.06880000000000014, -0.1021999999999999, -0.010999999999999776, -0.0379999999999999, -0.19520000000000015, -0.0610000000000001, 0.02039999999999997]], "job_runtime": 14.227242574999991}