{"extrapolated_richard": [[0.012300000000000026, -0.008900000000000014, -0.018400000000000038, -0.015900000000000036, -0.010100000000000024, 0.015400000000000027, -0.0016000000000000018, -0.017300000000000055], [-0.05510000000000006, 0.02730000000000004, 0.06600000000000011, 0.0597000000000001, 0.038700000000000075, -0.05140000000000008, 0.0008000000000000089, 0.08290000000000014], [0.06260000000000006, -0.00640000000000005, -0.03320000000000011, -0.03600000000000009, -0.029600000000000078, 0.028600000000000098, 0.0045999999999999895, -0.06920000000000016]], "job_runtime": 22.901684918}