{"extrapolated_richard": [[-0.005400000000000014, -0.007400000000000019, -0.008300000000000009, -0.0021000000000000072, 0.004400000000000011, 0.004600000000000013, 0.006400000000000013, 0.01480000000000003], [0.02420000000000003, 0.020400000000000054, 0.010500000000000035, 0.020500000000000018, -0.01840000000000003, -0.03200000000000002, -0.020000000000000035, -0.05300000000000008], [-0.016600000000000045, 0.009399999999999934, 0.02559999999999993, -0.037200000000000025, 0.015800000000000026, 0.04400000000000004, 0.005800000000000038, 0.04520000000000008]], "job_runtime": 23.77916216700001}