{
  "T_JOB": 30.573516445540005,
  "K": 100,
  "T_OVERHEAD": 306.0575853311252,
  "T1": 3057.3516445540004,
  "s": 0.10010545757021425,
  "N_vals": [
    1,
    2,
    3,
    4,
    5,
    6,
    7,
    8,
    9,
    10,
    11,
    12,
    13,
    14,
    15,
    16,
    17,
    18,
    19,
    20,
    21,
    22,
    23,
    24,
    25,
    26,
    27,
    28,
    29,
    30,
    31,
    32,
    33,
    34,
    35,
    36,
    37,
    38,
    39,
    40,
    41,
    42,
    43,
    44,
    45,
    46,
    47,
    48,
    49,
    50,
    51,
    52,
    53,
    54,
    55,
    56,
    57,
    58,
    59,
    60,
    61,
    62,
    63,
    64,
    65,
    66,
    67,
    68,
    69,
    70,
    71,
    72,
    73,
    74,
    75,
    76,
    77,
    78,
    79,
    80,
    81,
    82,
    83,
    84,
    85,
    86,
    87,
    88,
    89,
    90,
    91,
    92,
    93,
    94,
    95,
    96,
    97,
    98,
    99,
    100
  ],
  "T_vals": [
    3057.3516445540004,
    5558.288295936146,
    7642.035927151055,
    9404.947007413703,
    10915.823998333572,
    12225.109143862948,
    13370.625818507264,
    14381.292260860826,
    15279.596671042083,
    16083.290264804533,
    16806.57214373746,
    17460.93546121263,
    18055.782705242305,
    18598.880399214402,
    19096.700077525,
    19554.677392560745,
    19977.411403525162,
    20368.819561573102,
    20732.259471344936,
    21070.625451304553,
    21386.425775225853,
    21681.84495863191,
    21958.79436268091,
    22218.95359440737,
    22463.80459877409,
    22694.659904612727,
    22912.68616152956,
    23118.923858928778,
    23314.303930642283,
    23499.661804310916,
    23675.7493428033,
    23843.24503766085,
    24002.762745971,
    24154.859207843125,
    24300.04053852859,
    24438.76785472209,
    24571.462166829548,
    24698.50864655109,
    24820.2603608991,
    24937.041548891222,
    25049.15050495733,
    25156.862123052124,
    25260.430147156694,
    25360.089166955768,
    25456.05639172971,
    25548.53323069398,
    25637.70670398466,
    25723.7507050917,
    25806.82713267193,
    25887.08690724187,
    25964.670886183423,
    26039.710688733427,
    26112.329441121983,
    26182.642450733325,
    26250.75781705373,
    26316.776986215078,
    26380.795255117315,
    26442.90223039852,
    26503.182246901357,
    26561.714749745555,
    26618.574643646414,
    26673.83261270903,
    26727.555413569135,
    26779.80614443665,
    26830.64449232185,
    26880.126960480582,
    26928.30707790084,
    26975.2355924635,
    27020.960649242465,
    27065.527955261245,
    27108.980931891212,
    27151.360855959578,
    27192.706990531053,
    27233.056706234285,
    27272.445593920955,
    27310.907569371546,
    27348.47497069511,
    27385.17864901104,
    27421.04805294721,
    27456.111307441,
    27490.395287286214,
    27523.92568583029,
    27556.727079190663,
    27588.822986327705,
    27620.235925282803,
    27650.987465864127,
    27681.098279039197,
    27710.588183271928,
    27739.476188022367,
    27767.780534609843,
    27795.51873462402,
    27822.70760605393,
    27849.363307291485,
    27875.50136915406,
    27901.136725059372,
    27926.28373947596,
    27950.956234763067,
    27975.167516505346,
    27998.93039743995,
    28022.257220066396
  ],
  "S_vals": [
    1.0,
    1.8180075248579974,
    2.4995606706751126,
    3.076174447962683,
    3.570352797911785,
    3.9985943931700794,
    4.373270520688745,
    4.703839771417179,
    4.997657596325017,
    5.260530071329341,
    5.497101445191845,
    5.711130903870822,
    5.905693817524952,
    6.083330464241566,
    6.2461575565053415,
    6.395952990030801,
    6.534221027244455,
    6.662242989894759,
    6.781117084871443,
    6.8917899872058355,
    6.995082104252243,
    7.0917079483654915,
    7.182292688443501,
    7.267385691137474,
    7.3474716716961295,
    7.4229799326610895,
    7.494292062329,
    7.561748384458836,
    7.625653389321961,
    7.686280328980278,
    7.7438751230910725,
    7.798659692983746,
    7.850834819320388,
    7.900582600915304,
    7.94806857818065,
    7.99344357337972,
    8.036845290792181,
    8.078399712557125,
    8.118222319997418,
    8.156419165361982,
    8.193087814931882,
    8.228318181149866,
    8.262193258715463,
    8.294789777332022,
    8.326178781912143,
    8.35642614947583,
    8.385593050656308,
    8.413736362617268,
    8.4409090392468,
    8.467160443697743,
    8.492536647668178,
    8.517080701239403,
    8.540832876596108,
    8.563830888531237,
    8.586110094275117,
    8.607703674875813,
    8.628642800087748,
    8.648956778491847,
    8.668673194367729,
    8.68781803266216,
    8.706415793244311,
    8.724489595504199,
    8.742061274233338,
    8.759151467623617,
    8.77577969813016,
    8.791964446864206,
    8.807723222112084,
    8.82307262251431,
    8.838028395384077,
    8.85260549059593,
    8.866818110432243,
    8.880679755736884,
    8.894203268691346,
    8.907400872498258,
    8.920284208229962,
    8.93286436907574,
    8.94515193219936,
    8.957156988399326,
    8.96888916974656,
    8.980357675358679,
    8.991571295455762,
    9.002538433829852,
    9.01326712884889,
    9.023765073105388,
    9.034039631810813,
    9.044097860028067,
    9.053946518826837,
    9.06359209043953,
    9.073040792489193,
    9.08229859135505,
    9.091371214736004,
    9.10026416346774,
    9.108982722644614,
    9.117531972093603,
    9.125916796243935,
    9.134141893432668,
    9.142211784683502,
    9.150130821993262,
    9.157903196157985,
    9.165532944168161
  ],
  "T_serial": [
    0.37579652201384306,
    0.9389128310140222,
    1.2217637529829517,
    1.5189148669596761,
    1.5344557829666883,
    2.1582234800443985,
    2.1531480589765124,
    2.9985330890049227,
    2.8181019040057436,
    3.3667728659929708,
    3.6788533400394954,
    4.001514320960268,
    4.637901413021609,
    5.169391325965989,
    5.218553842976689,
    5.07397798897,
    5.395255943003576,
    5.70391025202116,
    6.686445890984032,
    6.817868798039854,
    7.168731618963648,
    7.373996452020947,
    7.884643676981796,
    7.701499684015289,
    8.479516291001346,
    9.296539469971322,
    9.195007300993893,
    8.680867831979413,
    9.441026262007654,
    9.555389850982465,
    9.837549950985704,
    11.023451305984054,
    11.46046893298626,
    11.13936809299048,
    11.596040039032232,
    11.778055100992788,
    12.45017712097615,
    12.492964142991696,
    13.027270789956674,
    13.632497600046918,
    14.645763393957168,
    13.931626458943356,
    15.116147273976821,
    14.379138899967074,
    15.645853347959928,
    15.015199376037344,
    16.100522678985726,
    15.697674438008107,
    16.83124172198586,
    16.867955077963416,
    17.158819283999037,
    16.833841621002648,
    17.401400380011182,
    18.826131779991556,
    17.689254619006533,
    18.707440057012718,
    19.10144176898757,
    20.1723600870464,
    20.027557419030927,
    19.56641612801468,
    20.363341794000007,
    20.85263026400935,
    21.953425345011055,
    20.69194804201834,
    20.932064100983553,
    21.85437156900298,
    22.670190053991973,
    23.17669787898194,
    23.60194554901682,
    24.178287353017367,
    23.157327703025658,
    23.93491211399669,
    24.83004330401309,
    24.989365087996703,
    25.585254810983315,
    26.05497578601353,
    26.26500999898417,
    26.071772173047066,
    26.39944796502823,
    26.457200806995388,
    26.671905558963772,
    27.273913328011986,
    28.592566917010117,
    27.839233240054455,
    27.94683316600276,
    28.35112271498656,
    29.078205263009295,
    29.367881526995916,
    29.78347230597865,
    29.867666038975585,
    30.650301677000243,
    30.37332586100092,
    30.5154815390124,
    32.61703720304649,
    30.439329779997934,
    31.321523124992382,
    32.46809077600483,
    34.0167430290021,
    32.55065534199821,
    33.12622840801487
  ],