{"extrapolated_richard": [[-0.011000000000000032, 0.023300000000000046, -0.016800000000000044, -0.008200000000000022, -0.002200000000000003, -0.007400000000000009, -0.01200000000000003, -0.01840000000000004], [0.06900000000000008, -0.08710000000000012, 0.07960000000000012, 0.04620000000000006, 0.007600000000000009, 0.028400000000000026, 0.05740000000000008, 0.1038000000000001], [-0.10960000000000009, 0.05820000000000015, -0.0918000000000001, -0.06860000000000005, -0.009800000000000007, -0.04620000000000003, -0.06940000000000006, -0.15320000000000006]], "job_runtime": 46.12772597700001}