{"extrapolated_richard": [[-0.04620000000000011, -0.012300000000000035, -0.008300000000000017, -0.020200000000000048, -0.018200000000000043, -0.0021000000000000107, -0.011500000000000026, -0.025600000000000067], [0.25260000000000027, 0.07010000000000009, 0.03470000000000005, 0.0904000000000001, 0.0850000000000001, 0.02670000000000002, 0.057700000000000064, 0.1426000000000002], [-0.35340000000000016, -0.09360000000000007, -0.04320000000000005, -0.08520000000000008, -0.08620000000000012, -0.04739999999999999, -0.08240000000000006, -0.21800000000000017]], "job_runtime": 51.36062737200001}