{"extrapolated_richard": [[0.0011000000000000007, 0.004000000000000008, 0.028900000000000068, 0.017200000000000038, 0.005900000000000013, 0.011200000000000026, -0.009400000000000016, 0.01240000000000003], [-0.009099999999999997, -0.019400000000000014, -0.11670000000000015, -0.06880000000000008, -0.021900000000000034, -0.03700000000000007, 0.03340000000000004, -0.05220000000000007], [0.019, 0.026000000000000016, 0.09660000000000014, 0.0588000000000001, 0.013800000000000038, 0.016400000000000074, -0.024000000000000066, 0.030200000000000112]], "job_runtime": 42.56886736299998}