{"extrapolated_richard": [[0.0035000000000000057, -0.002100000000000002, 0.0017000000000000131, -0.027300000000000064, -0.010400000000000024, -0.004200000000000026, -0.022400000000000034, -0.010700000000000022], [0.015299999999999972, 0.016100000000000024, -0.016700000000000055, 0.09890000000000017, 0.050000000000000044, 0.00180000000000009, 0.10200000000000005, 0.06450000000000006], [-0.11419999999999991, -0.08100000000000002, 0.06840000000000003, -0.06260000000000022, -0.025400000000000075, 0.06059999999999988, -0.13640000000000005, -0.1592]], "job_runtime": 14.531741218000008}