{"extrapolated_richard": [[0.0030000000000000057, 0.016700000000000045, 0.019200000000000043, -0.006500000000000014, 0.008200000000000018, 0.006900000000000016, 0.008100000000000017, 0.02360000000000005], [-0.016800000000000016, -0.07850000000000011, -0.08320000000000012, 0.02370000000000004, -0.02620000000000005, -0.025500000000000043, -0.030100000000000043, -0.10560000000000014], [0.030000000000000013, 0.09240000000000012, 0.08200000000000013, -0.02920000000000003, 0.007000000000000066, 0.012000000000000044, 0.02740000000000004, 0.09360000000000017]], "job_runtime": 24.127756841999997}