{"extrapolated_richard": [[0.011800000000000031, 0.010200000000000027, 0.007000000000000018, -0.007300000000000016, -0.02050000000000005, -0.009400000000000014, 0.0035000000000000066, -0.001400000000000005], [-0.039400000000000095, -0.05100000000000007, -0.03420000000000005, 0.03450000000000005, 0.08810000000000015, 0.03300000000000004, -0.01050000000000002, 0.011000000000000018], [0.0158000000000001, 0.05900000000000009, 0.034000000000000044, -0.03400000000000004, -0.07200000000000013, -0.029000000000000047, 0.007400000000000019, -0.038]], "job_runtime": 38.592239980000045}