{"extrapolated_richard": [[0.007100000000000018, -0.004200000000000013, -0.0037000000000000045, 0.025100000000000053, -0.02290000000000005, -0.0007999999999999975, -0.0016000000000000018, 0.00019999999999999584], [-0.029100000000000036, 0.020600000000000028, -0.0006999999999999808, -0.09970000000000015, 0.08470000000000014, -0.003800000000000003, 0.0006000000000000073, 0.008000000000000009], [0.016600000000000045, -0.013800000000000036, 0.025399999999999968, 0.08400000000000019, -0.051800000000000124, 0.005800000000000002, 0.00399999999999999, -0.01240000000000001]], "job_runtime": 33.489503713000005}