{"extrapolated_richard": [[0.01299999999999997, 0.006700000000000014, 0.0052999999999999905, 0.007300000000000015, 0.006800000000000012, 0.012100000000000015, 0.001799999999999993, 0.011599999999999996], [-0.03779999999999992, -0.028700000000000052, -0.041099999999999956, -0.04250000000000005, -0.05700000000000001, -0.07550000000000003, -0.019599999999999992, -0.054400000000000004], [0.20459999999999984, 0.10200000000000002, 0.20519999999999988, 0.19199999999999995, 0.22619999999999987, 0.23779999999999996, 0.11379999999999998, 0.20199999999999996]], "job_runtime": 12.203587429999999}