{"extrapolated_value": [[0.013299999999999841, -0.008400000000000282, 0.005099999999999601, 0.013599999999999942, -0.005499999999999956, 0.004499999999999815, 0.015599999999999989, -0.002299999999999979], [-0.05689999999999954, 0.026000000000000842, -0.01949999999999869, -0.05679999999999981, 0.02009999999999976, -0.024699999999999396, -0.06140000000000008, 0.005099999999999837], [0.7439999999999994, 0.6769999999999989, 0.7025999999999984, 0.7373999999999993, 0.6789999999999995, 0.7155999999999989, 0.7435999999999997, 0.7001999999999998]], "job_runtime": 3.667211228999996}