{"extrapolated_richard": [[-0.012800000000000027, 0.006699999999999996, -0.011100000000000028, -0.0007000000000000157, -0.0020000000000000057, 0.011100000000000021, 0.01870000000000004, 0.003700000000000003], [0.038800000000000084, -0.023699999999999992, 0.058500000000000066, 0.004700000000000046, 0.0054000000000000116, -0.03770000000000007, -0.08150000000000013, -0.0209], [-0.022000000000000092, 0.07359999999999998, -0.06540000000000007, 0.025799999999999934, 0.017399999999999975, 0.016400000000000064, 0.1272000000000001, 0.0358]], "job_runtime": 13.170271006999997}