{"extrapolated_richard": [[-0.00500000000000001, 0.01090000000000003, 0.0009000000000000107, -0.01480000000000003, -0.005400000000000013, -0.01150000000000002, -0.018900000000000035, -0.020400000000000054], [0.017400000000000033, -0.03130000000000009, 0.003899999999999959, 0.05260000000000007, 0.02460000000000004, 0.058300000000000046, 0.0717000000000001, 0.09880000000000014], [-0.027200000000000033, -0.004399999999999907, -0.03499999999999995, -0.024600000000000097, -0.019000000000000038, -0.07820000000000003, -0.08320000000000005, -0.1288000000000001]], "job_runtime": 21.283376485999995}