{"extrapolated_richard": [[-0.05350000000000012, -0.04170000000000009, -0.013800000000000036, -0.042200000000000085, -0.03080000000000007, -0.017100000000000035, -0.04730000000000012, -0.026000000000000054], [0.2953000000000002, 0.19830000000000025, 0.07720000000000009, 0.18060000000000015, 0.1368000000000002, 0.08150000000000009, 0.21690000000000034, 0.18820000000000003], [-0.4284000000000001, -0.24520000000000028, -0.11940000000000006, -0.17700000000000018, -0.14300000000000024, -0.09280000000000009, -0.23040000000000033, -0.322]], "job_runtime": 48.72973961399998}