{"extrapolated_richard": [[0.0059000000000000155, -0.0010000000000000024, 0.015400000000000033, 0.008900000000000017, -0.013200000000000028, -0.011200000000000026, 0.003300000000000009, -0.023600000000000045], [-0.03130000000000004, 0.003200000000000008, -0.056200000000000076, -0.03410000000000003, 0.049800000000000066, 0.042600000000000054, -0.017500000000000022, 0.08880000000000011], [0.03740000000000003, -0.006000000000000005, 0.0398000000000001, 0.02720000000000005, -0.02900000000000007, -0.030600000000000065, 0.029000000000000012, -0.07840000000000012]], "job_runtime": 29.933314576000015}