{"extrapolated_richard": [[-0.007200000000000017, 0.007200000000000013, -0.015100000000000034, 0.009100000000000028, -0.004800000000000008, 0.0004999999999999995, -0.007100000000000016, -0.00860000000000002], [0.019000000000000045, -0.01580000000000004, 0.07030000000000008, -0.04330000000000006, 0.013600000000000029, 0.006899999999999997, 0.021900000000000044, 0.03760000000000006], [-0.00040000000000005694, 0.005200000000000039, -0.07320000000000008, 0.03880000000000008, -0.008400000000000027, -0.01819999999999999, -0.006600000000000047, -0.03800000000000005]], "job_runtime": 36.582390691}