{"extrapolated_richard": [[0.03280000000000006, 0.005400000000000019, 0.016800000000000034, 0.018600000000000044, 0.005900000000000009, -0.0014999999999999957, 0.02660000000000006, 0.026900000000000063], [-0.17040000000000013, -0.04880000000000003, -0.07120000000000011, -0.09080000000000008, -0.021300000000000024, -0.011700000000000009, -0.11760000000000016, -0.1471000000000001], [0.24360000000000012, 0.08820000000000004, 0.0820000000000001, 0.0982000000000001, 0.02600000000000003, 0.031400000000000004, 0.13500000000000012, 0.20720000000000005]], "job_runtime": 56.11486143099995}