{"extrapolated_richard": [[-0.012700000000000032, -0.04010000000000007, -0.026800000000000046, 0.016500000000000035, -0.004800000000000005, -0.006000000000000011, -0.002100000000000011, -0.022300000000000063], [0.07070000000000007, 0.1667000000000002, 0.11160000000000012, -0.053500000000000096, 0.03499999999999999, 0.032600000000000025, 0.021900000000000027, 0.12270000000000013], [-0.12120000000000006, -0.1552000000000002, -0.10940000000000012, 0.023800000000000127, -0.060199999999999976, -0.05320000000000002, -0.042400000000000014, -0.16900000000000007]], "job_runtime": 43.68482144300003}