{"extrapolated_richard": [[0.015500000000000033, 0.011300000000000025, 0.012900000000000033, -0.011800000000000026, -0.018600000000000047, -0.000800000000000004, -0.016500000000000042, 0.027100000000000065], [-0.06490000000000007, -0.052500000000000054, -0.05110000000000008, 0.04040000000000006, 0.08260000000000015, 0.010000000000000009, 0.07570000000000011, -0.11970000000000015], [0.07600000000000007, 0.04940000000000007, 0.0342000000000001, -0.029000000000000074, -0.07700000000000012, -0.017800000000000003, -0.0710000000000001, 0.12000000000000015]], "job_runtime": 36.62620901599999}