{"extrapolated_richard": [[0.00350000000000001, 0.013100000000000027, -0.0012999999999999986, -0.003100000000000004, -0.014400000000000034, -0.014200000000000036, 0.012000000000000026, 0.01630000000000004], [-0.01950000000000002, -0.05430000000000008, -0.0019000000000000013, 0.009300000000000013, 0.06540000000000008, 0.0644000000000001, -0.055200000000000055, -0.08010000000000009], [0.0446, 0.06080000000000008, 0.0012000000000000025, -0.01620000000000001, -0.06340000000000007, -0.06660000000000008, 0.06980000000000004, 0.0906000000000001]], "job_runtime": 21.87243719}