{"extrapolated_richard": [[-0.0005000000000000053, 0.007500000000000017, 0.01950000000000004, -0.024200000000000048, -0.006400000000000009, -0.006700000000000007, -0.023500000000000056, 0.02870000000000007], [-0.0024999999999999797, -0.030300000000000046, -0.0687000000000001, 0.09120000000000013, 0.015800000000000033, 0.006300000000000031, 0.08830000000000016, -0.13390000000000013], [0.023799999999999967, 0.027400000000000032, 0.04800000000000013, -0.07980000000000013, -0.001800000000000037, 0.017199999999999955, -0.05400000000000018, 0.1500000000000002]], "job_runtime": 38.95792743699997}