{"extrapolated_richard": [[0.007600000000000024, -0.01450000000000004, -0.016600000000000018, -0.013300000000000008, 0.02320000000000005, 0.010200000000000025, -0.008300000000000017, -0.007300000000000011], [-0.05640000000000006, 0.046700000000000116, 0.06940000000000006, 0.05429999999999999, -0.08900000000000012, -0.019400000000000042, 0.02450000000000004, 0.021100000000000032], [0.047800000000000065, 0.005799999999999843, -0.1552, -0.10299999999999994, 0.009600000000000124, -0.08599999999999994, 0.007599999999999941, -0.012400000000000041]], "job_runtime": 13.67818201099999}