{"extrapolated_richard": [[-0.0405000000000001, -0.03400000000000008, -0.027500000000000052, -0.006500000000000014, 2.0072003127053457e-18, -0.03960000000000009, -0.02480000000000008, -0.04590000000000011], [0.2549000000000002, 0.17700000000000024, 0.13550000000000015, 0.03950000000000002, 0.026199999999999973, 0.20500000000000024, 0.1334000000000002, 0.2543000000000003], [-0.424, -0.2268000000000001, -0.17920000000000003, -0.06360000000000002, -0.06719999999999995, -0.2396000000000003, -0.1828000000000002, -0.3616000000000002]], "job_runtime": 54.062399863999985}