{"extrapolated_richard": [[0.005800000000000008, 0.01030000000000002, -0.0002000000000000018, -0.010000000000000026, -0.01220000000000003, 0.009600000000000018, -0.0034000000000000046, -0.012800000000000034], [-0.017600000000000022, -0.028700000000000052, 0.003200000000000003, 0.04200000000000008, 0.05480000000000007, -0.03340000000000005, 0.015000000000000008, 0.05240000000000009], [0.01900000000000002, 0.009800000000000059, -0.0022000000000000045, -0.02920000000000008, -0.05140000000000007, 0.027200000000000047, -0.02500000000000001, -0.03760000000000009]], "job_runtime": 21.93803017800002}