{"extrapolated_richard": [[-0.014200000000000003, -0.0009000000000000037, 0.007000000000000004, -0.0002000000000000045, 0.005400000000000006, 0.012700000000000027, 0.006900000000000024, -0.03490000000000009], [0.07079999999999999, 0.01390000000000001, -0.030600000000000006, -0.008999999999999982, -0.026600000000000016, -0.05950000000000005, -0.026700000000000057, 0.14890000000000025], [-0.15619999999999992, -0.06499999999999997, 0.07439999999999997, 0.05859999999999995, 0.06060000000000002, 0.09780000000000004, -0.007199999999999923, -0.2184000000000002]], "job_runtime": 16.41676854500001}