{"extrapolated_richard": [[0.0066000000000000095, 0.0006999999999999988, -0.013900000000000036, -0.0003999999999999965, -0.011100000000000025, 0.0045000000000000075, -0.007500000000000015, -0.006200000000000003], [-0.03720000000000002, 0.0045, 0.05990000000000009, -0.009400000000000004, 0.03970000000000006, -0.01430000000000002, 0.022700000000000043, 0.011200000000000005], [0.06999999999999999, -0.012799999999999995, -0.0502000000000001, 0.0206, -0.03280000000000008, 0.004400000000000025, -0.009000000000000053, 0.01979999999999997]], "job_runtime": 42.650786944000004}