{"extrapolated_richard": [[-0.0014000000000000006, -0.016900000000000033, -0.0008000000000000004, -0.0013000000000000021, 0.01080000000000002, -0.01780000000000003, 0.010000000000000023, 0.00780000000000002], [0.008800000000000004, 0.054900000000000095, -0.0021999999999999954, 0.0033000000000000065, -0.04160000000000007, 0.05900000000000008, -0.04020000000000007, -0.035800000000000054], [-0.024999999999999998, -0.032800000000000086, 0.009799999999999993, 0.0001999999999999903, 0.027200000000000064, -0.03140000000000009, 0.02580000000000008, 0.036800000000000055]], "job_runtime": 33.86519520600001}