{"extrapolated_richard": [[0.004399999999999834, -0.010100000000000053, -0.0006000000000000673, 0.007199999999999968, -0.0026000000000000892, 0.005699999999999949, 0.003099999999999808, -0.004600000000000205], [-0.027199999999999575, 0.005300000000000126, -0.02459999999999989, -0.05460000000000003, -0.014999999999999567, -0.059299999999999874, -0.03529999999999933, -0.012999999999999382], [0.7275999999999994, 0.5173999999999995, 0.5789999999999998, 0.5863999999999999, 0.560799999999999, 0.5707999999999995, 0.5509999999999992, 0.6973999999999991]], "job_runtime": 6.192154453000001}