{"extrapolated_richard": [[-0.030000000000000058, 0.00490000000000001, -0.021900000000000048, 0.013300000000000027, -0.008300000000000017, 0.015300000000000034, 0.006600000000000016, -0.004899999999999999], [0.11980000000000014, -0.010900000000000035, 0.0853000000000001, -0.041500000000000085, 0.025500000000000043, -0.07390000000000009, -0.03360000000000004, 0.014499999999999992], [-0.12420000000000017, -0.0023999999999999625, -0.06120000000000013, 0.0024000000000001086, -0.023400000000000046, 0.10040000000000006, 0.04440000000000004, -0.03159999999999999]], "job_runtime": 19.59550650700001}