{"extrapolated_richard": [[-0.0030000000000000083, -0.00870000000000002, -0.014700000000000022, -0.014700000000000034, -0.007700000000000019, -0.0067000000000000115, -0.005600000000000016, -0.036400000000000085], [0.000800000000000025, 0.034100000000000054, 0.061500000000000034, 0.04970000000000009, 0.02810000000000006, 0.02790000000000003, 0.016800000000000048, 0.13540000000000021], [0.04839999999999995, -0.005600000000000058, -0.06920000000000004, -0.012600000000000113, -0.012600000000000057, -0.03980000000000002, 0.010799999999999943, -0.04960000000000032]], "job_runtime": 17.513081587000002}