{"extrapolated_richard": [[0.03300000000000009, 0.02880000000000007, 0.01440000000000003, 0.011800000000000022, 0.0032000000000000136, 0.01940000000000004, 0.04030000000000011, 0.016600000000000076], [-0.20280000000000026, -0.1580000000000001, -0.08740000000000006, -0.06220000000000005, -0.034200000000000015, -0.10260000000000007, -0.18890000000000032, -0.12780000000000022], [0.3416000000000002, 0.2100000000000001, 0.13380000000000006, 0.08520000000000003, 0.05880000000000002, 0.1458000000000001, 0.2184000000000003, 0.2516000000000001]], "job_runtime": 52.885421167000004}