{"extrapolated_richard": [[0.018800000000000042, -0.019800000000000047, -0.009100000000000018, -0.002300000000000007, -0.005400000000000012, -0.01850000000000004, -0.013900000000000027, 0.031300000000000064], [-0.0712000000000001, 0.08640000000000012, 0.03310000000000005, 0.010100000000000019, 0.016200000000000034, 0.07550000000000012, 0.051900000000000085, -0.13050000000000017], [0.04920000000000013, -0.09020000000000013, -0.018800000000000053, -0.00280000000000002, -0.0018000000000000461, -0.053800000000000125, -0.04000000000000008, 0.11200000000000015]], "job_runtime": 38.92773684100001}