{"extrapolated_richard": [[0.014700000000000034, 0.0015999999999999996, 0.013100000000000027, -0.0037000000000000045, -0.0016000000000000064, -0.020200000000000037, 0.014100000000000036, 0.010000000000000018], [-0.058100000000000096, -0.0026000000000000025, -0.05550000000000006, 0.0015000000000000167, 0.014000000000000012, 0.07940000000000008, -0.07590000000000012, -0.038600000000000044], [0.057600000000000075, 0.010999999999999996, 0.04760000000000008, 0.021599999999999973, -0.01800000000000001, -0.06600000000000011, 0.08700000000000012, 0.042000000000000044]], "job_runtime": 29.993620163000003}